	AGE	Action Observation	Acupuncture	Anti-Saccades	Braille Reading	Breath-Holding	CIAS	Chewing/Swallowing	Classical Conditioning	Counting/Calculation	Cued Explicit Recognition	Deception Task	Deductive Reasoning	Delay Discounting Task	Delayed Match To Sample	Divided Auditory Attention	Drawing	Eating/Drinking	Encoding	Episodic Recall	Face Monitor/Discrimination	Files	Film Viewing	Finger Tapping	Fixation	Flanker Task	Flashing Checkerboard	Flexion/Extension	Free Word List Recall	Go/No-Go	Grasping	Holdout	Imagined Movement	Imagined Objects/Scenes	Isometric Force	Mental Rotation	Micturition Task	Music Comprehension/Production	Naming (Covert)	Naming (Overt)	Non-Painful Electrical Stimulation	Non-Painful Thermal Stimulation	Oddball Discrimination	Olfactory Monitor/Discrimination	Orthographic Discrimination	Pain Monitor/Discrimination	Paired Associate Recall	Passive Listening	Passive Viewing	Phonological Discrimination	Picture	Pitch Monitor/Discrimination	Pointing	Posner Task	RACE	Rating	Reading (Covert)	Reading (Overt)	Recitation/Repetition (Covert)	Recitation/Repetition (Overt)	Rest	Reward Task	SEX	Saccades	Semantic Monitor/Discrimination	Sequence Recall/Learning	Simon Task	Sleep	Spatial/Location Discrimination	Sternberg Task	Stroop Task	SubjectID	Subjective Emotional Picture Discrimination	Syntactic Discrimination	Tactile Monitor/Discrimination	Task Switching	Theory of Mind Task	Tone Monitor/Discrimination	Tower of London	Transcranial Magnetic Stimulation	Vibrotactile Monitor/Discrimination	Video Games	Visual Distractor/Visual Attention	Visual Pursuit/Tracking	Whistling	Wisconsin Card Sorting Test	Word Generation (Covert)	Word Generation (Overt)	Word Stem Completion (Covert)	Word Stem Completion (Overt)	Writing	YRS_SCH	add_date	analysis_level	brain_coverage	cognitive_contrast_cogatlas	cognitive_contrast_cogatlas_id	cognitive_paradigm_cogatlas	cognitive_paradigm_cogatlas_id	cognitive_paradigm_description_url	collection	collection_id	contrast_definition	contrast_definition_cogatlas	data	data_origin	description	figure	file	file_size	image_id	image_type	is_thresholded	is_valid	label_description_file	map_type	modality	modify_date	n-back	name	not_mni	number_of_subjects	perc_bad_voxels	perc_voxels_outside	reduced_representation	smoothness_fwhm	statistic_parameters	surface_left_file	surface_right_file	thumbnail	type	url
1																																																																																													2016-01-21T17:23:03.799246Z	group	82.5116091788	high-value go choice at probe	cnt_553e7a5b2584d	cue approach task	trm_553e77e53497d		http://neurovault.org/collections/35/	35	parametric number of high value go choice at probe			volume	Parametric effect of the number of times each high-value Go item was chosen during probe.	3A	http://neurovault.org/media/images/35/Fig3A_zstat1_2.nii.gz	740889	111	statistic_map	False	True		Z map	fMRI-BOLD	2016-01-21T17:23:03.799264Z		Fig3A_zstat1.nii.gz	False	21	78.4232503055	3.20038201255	http://neurovault.org/media/images/35/transform_4mm_111.npy					http://neurovault.org/media/images/35/glass_brain_111.jpg		http://neurovault.org/images/111/
2032																																																																																													2016-01-21T17:23:04.440991Z	group	99.9820555577	Faces	cnt_5531474e117df	emotion processing fMRI task paradigm	trm_550b5b066d37b		http://neurovault.org/collections/457/	457	Faces			volume	FSL5.0		http://neurovault.org/media/images/457/tfMRI_EMOTION_FACES_zstat1.nii.gz	1182924	3129	statistic_map	False	True		Z map	fMRI-BOLD	2016-01-21T17:23:04.441009Z		tfMRI EMOTION FACES zstat1	False	486	65.7106075697	26.191414706	http://neurovault.org/media/images/457/transform_4mm_3129.npy	0.0	481.0			http://neurovault.org/media/images/457/glass_brain_3129.jpg		http://neurovault.org/images/3129/
2033																																																																																													2016-01-21T17:21:35.078279Z	group	99.9820555577	Shapes	cnt_55314757a78a1	emotion processing fMRI task paradigm	trm_550b5b066d37b		http://neurovault.org/collections/457/	457	Shapes			volume	FSL5.0		http://neurovault.org/media/images/457/tfMRI_EMOTION_SHAPES_zstat1.nii.gz	1183414	3131	statistic_map	False	True		Z map	fMRI-BOLD	2016-01-27T20:59:11.225630Z		tfMRI EMOTION SHAPES zstat1	False	486	65.7106075697	26.191414706	http://neurovault.org/media/images/457/transform_4mm_3131.npy	0.0	481.0			http://neurovault.org/media/images/457/glass_brain_3131_1.jpg		http://neurovault.org/images/3131/
2038																																																																																													2016-01-21T17:22:28.089334Z	group	99.9820555577	Story minus Math	cnt_55314a1a5514c	language processing fMRI task paradigm	trm_550b54a8b30f4		http://neurovault.org/collections/457/	457	Story minus Math			volume	FSL5.0		http://neurovault.org/media/images/457/tfMRI_LANGUAGE_STORY-MATH_zstat1.nii.gz	1177802	3142	statistic_map	False	True		Z map	fMRI-BOLD	2016-01-21T17:22:28.089356Z		tfMRI LANGUAGE STORY minus MATH zstat1	False	486	65.7121585945	26.1880759438	http://neurovault.org/media/images/457/transform_4mm_3142.npy	0.0	481.0			http://neurovault.org/media/images/457/glass_brain_3142.jpg		http://neurovault.org/images/3142/
2042																																																																																													2016-01-21T17:21:53.438222Z	group	99.9886205976	Cue	cnt_55315226076d3	motor fMRI task paradigm	trm_550b53d7dd674		http://neurovault.org/collections/457/	457	Cue			volume	FSL5.0		http://neurovault.org/media/images/457/tfMRI_MOTOR_CUE_zstat1.nii.gz	1168682	3154	statistic_map	False	True		Z map	fMRI-BOLD	2016-01-21T17:21:53.438253Z		tfMRI MOTOR CUE zstat1	False	486	65.7102752072	26.18728373	http://neurovault.org/media/images/457/transform_4mm_3154.npy	0.0	490.0			http://neurovault.org/media/images/457/glass_brain_3154.jpg		http://neurovault.org/images/3154/
2044																																																																																													2016-01-21T17:21:49.099548Z	group	99.9886205976	Left Foot	cnt_55315270d1e14	motor fMRI task paradigm	trm_550b53d7dd674		http://neurovault.org/collections/457/	457	Left Toe (Foot)			volume	FSL5.0		http://neurovault.org/media/images/457/tfMRI_MOTOR_LF_zstat1.nii.gz	1180249	3156	statistic_map	False	True		Z map	fMRI-BOLD	2016-01-21T17:21:49.099566Z		tfMRI MOTOR LEFT FOOT zstat1	False	486	65.7102752072	26.18728373	http://neurovault.org/media/images/457/transform_4mm_3156.npy	0.0	490.0			http://neurovault.org/media/images/457/glass_brain_3156.jpg		http://neurovault.org/images/3156/
2046																																																																																													2016-01-21T17:22:28.015737Z	group	99.9886205976	Left Hand	cnt_55315278ea6cc	motor fMRI task paradigm	trm_550b53d7dd674		http://neurovault.org/collections/457/	457	Left Finger (Hand)			volume	FSL5.0		http://neurovault.org/media/images/457/tfMRI_MOTOR_LH_zstat1.nii.gz	1182177	3158	statistic_map	False	True		Z map	fMRI-BOLD	2016-01-21T17:22:28.015756Z		tfMRI MOTOR LEFT HAND zstat1	False	486	65.7102752072	26.18728373	http://neurovault.org/media/images/457/transform_4mm_3158.npy	0.0	490.0			http://neurovault.org/media/images/457/glass_brain_3158.jpg		http://neurovault.org/images/3158/
2048																																																																																													2016-01-21T17:22:28.368771Z	group	99.9886205976	Right Foot	cnt_5531528173117	motor fMRI task paradigm	trm_550b53d7dd674		http://neurovault.org/collections/457/	457	Right Toe (Foot)			volume	FSL5.0		http://neurovault.org/media/images/457/tfMRI_MOTOR_RF_zstat1.nii.gz	1181705	3160	statistic_map	False	True		Z map	fMRI-BOLD	2016-01-21T17:22:28.368789Z		tfMRI MOTOR RIGHT FOOT zstat1	False	486	65.7102752072	26.18728373	http://neurovault.org/media/images/457/transform_4mm_3160.npy	0.0	490.0			http://neurovault.org/media/images/457/glass_brain_3160.jpg		http://neurovault.org/images/3160/
2050																																																																																													2016-01-21T17:21:46.618385Z	group	99.9886205976	Right Hand	cnt_5531528989cc7	motor fMRI task paradigm	trm_550b53d7dd674		http://neurovault.org/collections/457/	457	Right Finger (Hand)			volume	FSL5.0		http://neurovault.org/media/images/457/tfMRI_MOTOR_RH_zstat1.nii.gz	1184943	3162	statistic_map	False	True		Z map	fMRI-BOLD	2016-01-21T17:21:46.618403Z		tfMRI MOTOR RIGHT HAND zstat1	False	486	65.7102752072	26.18728373	http://neurovault.org/media/images/457/transform_4mm_3162.npy	0.0	490.0			http://neurovault.org/media/images/457/glass_brain_3162.jpg		http://neurovault.org/images/3162/
2052																																																																																													2016-01-21T17:21:49.575457Z	group	99.9886205976	Tongue	cnt_553152908ac51	motor fMRI task paradigm	trm_550b53d7dd674		http://neurovault.org/collections/457/	457	Tongue			volume	FSL5.0		http://neurovault.org/media/images/457/tfMRI_MOTOR_T_zstat1.nii.gz	1183847	3164	statistic_map	False	True		Z map	fMRI-BOLD	2016-01-21T17:21:49.575475Z		tfMRI MOTOR TONGUE zstat1	False	486	65.7102752072	26.18728373	http://neurovault.org/media/images/457/transform_4mm_3164.npy	0.0	490.0			http://neurovault.org/media/images/457/glass_brain_3164.jpg		http://neurovault.org/images/3164/
2054																																																																																													2016-01-21T17:23:04.376800Z	group	99.9820555577	Matching	cnt_553149868c670	relational processing fMRI task paradigm	trm_550b5a47aa23e		http://neurovault.org/collections/457/	457	Matching			volume	FSL5.0		http://neurovault.org/media/images/457/tfMRI_RELATIONAL_MATCH_zstat1.nii.gz	1178855	3173	statistic_map	False	True		Z map	fMRI-BOLD	2016-01-21T17:23:04.376818Z		tfMRI RELATIONAL MATCH zstat1	False	486	65.7151498567	26.1816360493	http://neurovault.org/media/images/457/transform_4mm_3173.npy	0.0	479.0			http://neurovault.org/media/images/457/glass_brain_3173.jpg		http://neurovault.org/images/3173/
2055																																																																																													2016-01-21T17:22:49.047024Z	group	99.9820555577	Relational Processing	cnt_553149979dc2e	relational processing fMRI task paradigm	trm_550b5a47aa23e		http://neurovault.org/collections/457/	457	Relational Processing			volume	FSL5.0		http://neurovault.org/media/images/457/tfMRI_RELATIONAL_REL_zstat1.nii.gz	1179510	3175	statistic_map	False	True		Z map	fMRI-BOLD	2016-01-21T17:22:49.047043Z		tfMRI RELATIONAL REL zstat1	False	486	65.7151498567	26.1816360493	http://neurovault.org/media/images/457/transform_4mm_3175.npy	0.0	479.0			http://neurovault.org/media/images/457/glass_brain_3175.jpg		http://neurovault.org/images/3175/
2056																																																																																													2016-01-21T17:22:48.824925Z	group	99.9820555577	Random Interaction	cnt_553147b362347	social cognition (theory of mind) fMRI task paradigm	trm_550b557e5f90e		http://neurovault.org/collections/457/	457	Random Interaction			volume	FSL5.0		http://neurovault.org/media/images/457/tfMRI_SOCIAL_RANDOM_zstat1.nii.gz	1176438	3179	statistic_map	False	True		Z map	fMRI-BOLD	2016-01-21T17:22:48.824943Z		tfMRI SOCIAL RANDOM zstat1	False	486	65.7057329202	26.2019059926	http://neurovault.org/media/images/457/transform_4mm_3179.npy	0.0	484.0			http://neurovault.org/media/images/457/glass_brain_3179.jpg		http://neurovault.org/images/3179/
2057																																																																																													2016-01-21T17:23:19.499559Z	group	99.9820555577	Mental Interaction minus Random Interaction	cnt_55314940f18c6	social cognition (theory of mind) fMRI task paradigm	trm_550b557e5f90e		http://neurovault.org/collections/457/	457	Mental Interaction minus Random Interaction			volume	FSL5.0		http://neurovault.org/media/images/457/tfMRI_SOCIAL_TOM-RANDOM_zstat1.nii.gz	1180644	3180	statistic_map	False	True		Z map	fMRI-BOLD	2016-01-21T17:23:19.499577Z		tfMRI SOCIAL TOM minus RANDOM zstat1	False	486	65.7057329202	26.2019059926	http://neurovault.org/media/images/457/transform_4mm_3180.npy	0.0	484.0			http://neurovault.org/media/images/457/glass_brain_3180.jpg		http://neurovault.org/images/3180/
2059																																																																																													2016-01-21T17:21:39.605839Z	group	99.9886205976	0-back Body	cnt_55314b2a72bee	working memory fMRI task paradigm	trm_550b50095d4a3		http://neurovault.org/collections/457/	457	0-back Body			volume	FSL5.0		http://neurovault.org/media/images/457/tfMRI_WM_0BK_BODY_zstat1.nii.gz	1181692	3185	statistic_map	False	True		Z map	fMRI-BOLD	2016-01-27T21:00:26.319841Z		tfMRI WM 0BK BODY zstat1	False	486	65.6937678714	26.2228006381	http://neurovault.org/media/images/457/transform_4mm_3185.npy	0.0	492.0			http://neurovault.org/media/images/457/glass_brain_3185_1.jpg		http://neurovault.org/images/3185/
2060																																																																																													2016-01-21T17:22:49.027226Z	group	99.9886205976	0-back Face	cnt_55314b49e5c9d	working memory fMRI task paradigm	trm_550b50095d4a3		http://neurovault.org/collections/457/	457	0-back Face			volume	FSL5.0		http://neurovault.org/media/images/457/tfMRI_WM_0BK_FACE_zstat1.nii.gz	1184134	3186	statistic_map	False	True		Z map	fMRI-BOLD	2016-01-21T17:22:49.027244Z		tfMRI WM 0BK FACE zstat1	False	486	65.6937678714	26.2228006381	http://neurovault.org/media/images/457/transform_4mm_3186.npy	0.0	492.0			http://neurovault.org/media/images/457/glass_brain_3186.jpg		http://neurovault.org/images/3186/
2061																																																																																													2016-01-21T17:23:04.972248Z	group	99.9886205976	0-back Place	cnt_55314b56bceed	working memory fMRI task paradigm	trm_550b50095d4a3		http://neurovault.org/collections/457/	457	0-back Place			volume	FSL5.0		http://neurovault.org/media/images/457/tfMRI_WM_0BK_PLACE_zstat1.nii.gz	1185051	3187	statistic_map	False	True		Z map	fMRI-BOLD	2016-01-21T17:23:04.972267Z		tfMRI WM 0BK PLACE zstat1	False	486	65.6937678714	26.2228006381	http://neurovault.org/media/images/457/transform_4mm_3187.npy	0.0	492.0			http://neurovault.org/media/images/457/glass_brain_3187.jpg		http://neurovault.org/images/3187/
2062																																																																																													2016-01-21T17:21:40.526943Z	group	99.9886205976	0-back Tool	cnt_55314b5e393d2	working memory fMRI task paradigm	trm_550b50095d4a3		http://neurovault.org/collections/457/	457	0-back Tool			volume	FSL5.0		http://neurovault.org/media/images/457/tfMRI_WM_0BK_TOOL_zstat1.nii.gz	1183452	3188	statistic_map	False	True		Z map	fMRI-BOLD	2016-01-27T21:00:41.022060Z		tfMRI WM 0BK TOOL zstat1	False	486	65.6937678714	26.2228006381	http://neurovault.org/media/images/457/transform_4mm_3188.npy	0.0	492.0			http://neurovault.org/media/images/457/glass_brain_3188_1.jpg		http://neurovault.org/images/3188/
2065																																																																																													2016-01-21T17:22:49.087250Z	group	99.9886205976	2-back Body	cnt_55314aff55913	working memory fMRI task paradigm	trm_550b50095d4a3		http://neurovault.org/collections/457/	457	2-back Body			volume	FSL5.0		http://neurovault.org/media/images/457/tfMRI_WM_2BK_BODY_zstat1.nii.gz	1182681	3191	statistic_map	False	True		Z map	fMRI-BOLD	2016-01-21T17:22:49.087283Z		tfMRI WM 2BK BODY zstat1	False	486	65.6937678714	26.2228006381	http://neurovault.org/media/images/457/transform_4mm_3191.npy	0.0	492.0			http://neurovault.org/media/images/457/glass_brain_3191.jpg		http://neurovault.org/images/3191/
2066																																																																																													2016-01-21T17:22:49.037228Z	group	99.9886205976	2-back Face	cnt_55314b0643005	working memory fMRI task paradigm	trm_550b50095d4a3		http://neurovault.org/collections/457/	457	2-back Face			volume	FSL5.0		http://neurovault.org/media/images/457/tfMRI_WM_2BK_FACE_zstat1.nii.gz	1183225	3192	statistic_map	False	True		Z map	fMRI-BOLD	2016-01-21T17:22:49.037247Z		tfMRI WM 2BK FACE zstat1	False	486	65.6937678714	26.2228006381	http://neurovault.org/media/images/457/transform_4mm_3192.npy	0.0	492.0			http://neurovault.org/media/images/457/glass_brain_3192.jpg		http://neurovault.org/images/3192/
2067																																																																																													2016-01-21T17:22:28.461877Z	group	99.9886205976	2-back Place	cnt_55314b12878f7	working memory fMRI task paradigm	trm_550b50095d4a3		http://neurovault.org/collections/457/	457	2-back Place			volume	FSL5.0		http://neurovault.org/media/images/457/tfMRI_WM_2BK_PLACE_zstat1.nii.gz	1180786	3193	statistic_map	False	True		Z map	fMRI-BOLD	2016-01-21T17:22:28.461896Z		tfMRI WM 2BK PLACE zstat1	False	486	65.6937678714	26.2228006381	http://neurovault.org/media/images/457/transform_4mm_3193.npy	0.0	492.0			http://neurovault.org/media/images/457/glass_brain_3193.jpg		http://neurovault.org/images/3193/
2068																																																																																													2016-01-21T17:21:53.478027Z	group	99.9886205976	2-back Tool	cnt_55314b1edb310	working memory fMRI task paradigm	trm_550b50095d4a3		http://neurovault.org/collections/457/	457	2-back Tool			volume	FSL5.0		http://neurovault.org/media/images/457/tfMRI_WM_2BK_TOOL_zstat1.nii.gz	1183216	3194	statistic_map	False	True		Z map	fMRI-BOLD	2016-01-21T17:21:53.478046Z		tfMRI WM 2BK TOOL zstat1	False	486	65.6937678714	26.2228006381	http://neurovault.org/media/images/457/transform_4mm_3194.npy	0.0	492.0			http://neurovault.org/media/images/457/glass_brain_3194.jpg		http://neurovault.org/images/3194/
2477																																																																																													2016-01-21T17:21:58.587719Z	group	92.0256649291	parametric context based action reward error	cnt_553fc50126261	dot motion task	trm_4f244ad7dcde7		http://neurovault.org/collections/431/	431	context based action reward error			volume		Figure 4	http://neurovault.org/media/images/431/figure4_context_based.nii.gz	882342	2963	statistic_map	False	True		Z map	fMRI-BOLD	2016-06-12T21:43:33.521114Z		context based action reward error	False	24	74.3391803277	9.2214901866	http://neurovault.org/media/images/431/transform_4mm_2963.npy					http://neurovault.org/media/images/431/glass_brain_2963.jpg		http://neurovault.org/images/2963/
389																																																																																													2016-01-21T17:23:04.408962Z	group	87.907634266	target 1-back minus 0-back	cnt_55ef43b5be6da	object one-back task	trm_4ebd47b8bab6b		http://neurovault.org/collections/518/	518				volume	one sample t-test contrast of targets in 1-back vs 0-back conditions	figure 4	http://neurovault.org/media/images/518/targ_1b_vs_0b.nii.gz	1888017	8625	statistic_map	False	True		T map	fMRI-BOLD	2016-01-21T17:23:04.408984Z		targ_1back_VS_0back	False	20	76.3864165228	4.83964959326	http://neurovault.org/media/images/518/transform_4mm_8625.npy					http://neurovault.org/media/images/518/glass_brain_8625.jpg		http://neurovault.org/images/8625/
851																																																																																													2016-01-21T17:22:27.265154Z	group	100.0	incorrect minus correct	cnt_553a694a86e65	Eriksen flanker task	tsk_4a57abb949a4f		http://neurovault.org/collections/45/	45	incorrect minus correct			volume	FSL5.0		http://neurovault.org/media/images/45/task001_cope08_incorrect_vs_correct.nii.gz	866309	177	statistic_map	False	True		T map	fMRI-BOLD	2016-01-21T17:22:27.265174Z		task001_008_incorrect_vs_correct.nii.gz	False	26	74.6869422542	0.0	http://neurovault.org/media/images/45/transform_4mm_177.npy					http://neurovault.org/media/images/45/glass_brain_177.jpg		http://neurovault.org/images/177/
852																																																																																													2016-01-21T17:23:18.997237Z	group	100.0	incongruent minus congruent correct	cnt_5358f019cdf06	Eriksen flanker task	tsk_4a57abb949a4f		http://neurovault.org/collections/45/	45	incongruent minus congruent correct			volume	FSL5.0		http://neurovault.org/media/images/45/task001_cope09_incongruent_vs_congruent_correct.nii.gz	869300	178	statistic_map	False	True		T map	fMRI-BOLD	2016-01-21T17:23:18.997256Z		task001_009_incongruent_vs_congruent_correct.nii.gz	False	26	74.6869422542	0.0	http://neurovault.org/media/images/45/transform_4mm_178.npy					http://neurovault.org/media/images/45/glass_brain_178.jpg		http://neurovault.org/images/178/
855																																																																																													2016-01-21T17:21:45.668551Z	group	100.0	congruent correct	cnt_4decfedb91973	Eriksen flanker task	tsk_4a57abb949a4f		http://neurovault.org/collections/45/	45	congruent correct			volume	FSL5.0		http://neurovault.org/media/images/45/task001_cope01_congruent_correct.nii.gz	870247	183	statistic_map	False	True		T map	fMRI-BOLD	2016-01-21T17:21:45.668570Z		task001_001_congruent_correct.nii.gz	False	26	74.6869422542	0.0	http://neurovault.org/media/images/45/transform_4mm_183.npy					http://neurovault.org/media/images/45/glass_brain_183.jpg		http://neurovault.org/images/183/
872																																																																																													2016-01-21T17:22:26.912116Z	group	95.6022986393	deterministic classification trials	cnt_4ebca72d737c1	deterministic classification	trm_4e8dd3831f0cc		http://neurovault.org/collections/40/	40	task			volume	FSL5.0		http://neurovault.org/media/images/40/task002_cope01_task.nii.gz	878329	135	statistic_map	False	True		T map	fMRI-BOLD	2016-01-21T17:22:26.912138Z		task002_001_task.nii.gz	False	17	74.7239452754	13.021924201	http://neurovault.org/media/images/40/transform_4mm_135.npy					http://neurovault.org/media/images/40/glass_brain_135.jpg		http://neurovault.org/images/135/
873																																																																																													2016-01-21T17:23:18.976199Z	group	95.5064490575	feedback	cnt_55399e161c884	Probabilistic classification task	trm_4cacf22a22d80		http://neurovault.org/collections/40/	40	feedback			volume	FSL5.0		http://neurovault.org/media/images/40/task001_cope02_feedback.nii.gz	874740	136	statistic_map	False	True		T map	fMRI-BOLD	2016-01-21T17:23:18.976217Z		task001_002_feedback.nii.gz	False	17	74.7205108633	12.9680813302	http://neurovault.org/media/images/40/transform_4mm_136.npy					http://neurovault.org/media/images/40/glass_brain_136.jpg		http://neurovault.org/images/136/
874																																																																																													2016-01-21T17:22:26.994500Z	group	95.6022986393	feedback	cnt_55399dc274d97	deterministic classification	trm_4e8dd3831f0cc		http://neurovault.org/collections/40/	40	feedback			volume	FSL5.0		http://neurovault.org/media/images/40/task002_cope02_feedback.nii.gz	874675	138	statistic_map	False	True		T map	fMRI-BOLD	2016-01-21T17:22:26.994518Z		task002_002_feedback.nii.gz	False	17	74.7239452754	13.021924201	http://neurovault.org/media/images/40/transform_4mm_138.npy					http://neurovault.org/media/images/40/glass_brain_138.jpg		http://neurovault.org/images/138/
875																																																																																													2016-01-21T17:23:20.037319Z	group	95.5725371253	classification trials: deterministic	cnt_54f8cbcb6fab6	classification probe without feedback	trm_4ebc9d2e397f2		http://neurovault.org/collections/40/	40	classification-deterministic			volume	FSL5.0		http://neurovault.org/media/images/40/task003_cope02_classification-deterministic.nii.gz	877829	139	statistic_map	False	True		T map	fMRI-BOLD	2016-01-21T17:23:20.037337Z		task003_002_classification_deterministic.nii.gz	False	17	74.747432223	12.8814505994	http://neurovault.org/media/images/40/transform_4mm_139.npy					http://neurovault.org/media/images/40/glass_brain_139.jpg		http://neurovault.org/images/139/
876																																																																																													2016-01-21T17:22:38.091191Z	group	95.5725371253	classification trials: probabilistic	cnt_4ebcaad4c41d7	classification probe without feedback	trm_4ebc9d2e397f2		http://neurovault.org/collections/40/	40	classification-probabilistic			volume	FSL5.0		http://neurovault.org/media/images/40/task003_cope01_classification-probabilistic.nii.gz	877294	140	statistic_map	False	True		T map	fMRI-BOLD	2016-01-21T17:22:38.091211Z		task003_001_task.nii.gz	False	17	74.747432223	12.8814505994	http://neurovault.org/media/images/40/transform_4mm_140.npy					http://neurovault.org/media/images/40/glass_brain_140.jpg		http://neurovault.org/images/140/
877																																																																																													2016-01-21T17:21:37.475962Z	group	95.5064490575	probabilistic classification trials	cnt_4cacf26718047	Probabilistic classification task	trm_4cacf22a22d80		http://neurovault.org/collections/40/	40	task			volume	FSL5.0		http://neurovault.org/media/images/40/task001_cope01_task.nii.gz	878402	141	statistic_map	False	True		T map	fMRI-BOLD	2016-01-27T20:59:47.863043Z		task001_001_task.nii.gz	False	17	74.7205108633	12.9680813302	http://neurovault.org/media/images/40/transform_4mm_141.npy					http://neurovault.org/media/images/40/glass_brain_141_1.jpg		http://neurovault.org/images/141/
1631																																																																																													2016-01-21T17:21:57.533033Z	group	99.9164051592	visual standard stimulus presentation	cnt_553a7710d845a	oddball task	tsk_4a57abb949bf6		http://neurovault.org/collections/417/	417	visual standard			volume	FSL5.0		http://neurovault.org/media/images/417/model001_task002_cope006_tstat1.nii.gz	870735	2718	statistic_map	False	True		T map	fMRI-BOLD	2016-01-21T17:21:57.533052Z		model001 task002 cope006 tstat1	False	17	74.7081026645	0.0	http://neurovault.org/media/images/417/transform_4mm_2718.npy					http://neurovault.org/media/images/417/glass_brain_2718.jpg		http://neurovault.org/images/2718/
1636																																																																																													2016-01-21T17:23:17.885182Z	group	99.9562330677	auditory standard	cnt_553a7683a550a	oddball task	tsk_4a57abb949bf6		http://neurovault.org/collections/417/	417	auditory standard			volume	FSL5.0		http://neurovault.org/media/images/417/model001_task001_cope007_tstat1.nii.gz	875746	2723	statistic_map	False	True		T map	fMRI-BOLD	2016-01-21T17:23:17.885202Z		model001 task001 cope007 tstat1	False	17	74.6980210031	0.0	http://neurovault.org/media/images/417/transform_4mm_2723.npy					http://neurovault.org/media/images/417/glass_brain_2723.jpg		http://neurovault.org/images/2723/
1642																																																																																													2016-01-21T17:23:17.935891Z	group	99.9562330677	auditory targets minus standards	cnt_553a768dc270f	oddball task	tsk_4a57abb949bf6		http://neurovault.org/collections/417/	417	auditory targets - standards			volume	FSL5.0		http://neurovault.org/media/images/417/model001_task001_cope008_tstat1.nii.gz	877141	2729	statistic_map	False	True		T map	fMRI-BOLD	2016-01-21T17:23:17.935910Z		model001 task001 cope008 tstat1	False	17	74.6980210031	0.0	http://neurovault.org/media/images/417/transform_4mm_2729.npy					http://neurovault.org/media/images/417/glass_brain_2729.jpg		http://neurovault.org/images/2729/
1644																																																																																													2016-01-21T17:22:23.341535Z	group	99.9164051592	visual targets minus standards	cnt_553a7740160a3	oddball task	tsk_4a57abb949bf6		http://neurovault.org/collections/417/	417	visual targets - standards			volume	FSL5.0		http://neurovault.org/media/images/417/model001_task002_cope005_tstat1.nii.gz	878248	2731	statistic_map	False	True		T map	fMRI-BOLD	2016-01-21T17:22:23.341554Z		model001 task002 cope005 tstat1	False	17	74.7081026645	0.0	http://neurovault.org/media/images/417/transform_4mm_2731.npy					http://neurovault.org/media/images/417/glass_brain_2731.jpg		http://neurovault.org/images/2731/
1707																																																																																													2016-01-21T17:22:37.719813Z	group	99.926909223	failed stop-critical 	cnt_4ebca202935c6	conditional stop signal task	trm_4cacf3fbc503b		http://neurovault.org/collections/42/	42	failed stop-critical			volume	FSL5.0		http://neurovault.org/media/images/42/task002_cope04_failed%20stop-critical.nii.gz	877599	142	statistic_map	False	True		T map	fMRI-BOLD	2016-01-21T17:22:37.719831Z		task002 004 failed stop-critical	False	15	74.7054437648	0.0	http://neurovault.org/media/images/42/transform_4mm_142.npy					http://neurovault.org/media/images/42/glass_brain_142.jpg		http://neurovault.org/images/142/
1708																																																																																													2016-01-21T17:21:37.289598Z	group	99.970238486	go trial	cnt_4b44a4d544ee7	stop signal task	tsk_4a57abb949e1a		http://neurovault.org/collections/42/	42	go			volume	FSL5.0		http://neurovault.org/media/images/42/task001_cope01_go.nii.gz	878731	143	statistic_map	False	True		T map	fMRI-BOLD	2016-01-27T20:59:44.198906Z		task001 001 go	False	15	74.6944758035	0.0	http://neurovault.org/media/images/42/transform_4mm_143.npy					http://neurovault.org/media/images/42/glass_brain_143_1.jpg		http://neurovault.org/images/143/
1709																																																																																													2016-01-21T17:23:04.160868Z	group	99.926909223	go-noncritical	cnt_55399a202b4ff	conditional stop signal task	trm_4cacf3fbc503b		http://neurovault.org/collections/42/	42	go - noncritical			volume	FSL5.0		http://neurovault.org/media/images/42/task002_cope02_go-noncritical.nii.gz	877860	144	statistic_map	False	True		T map	fMRI-BOLD	2016-01-21T17:23:04.160887Z		task002 002 go-noncritical	False	15	74.7054437648	0.0	http://neurovault.org/media/images/42/transform_4mm_144.npy					http://neurovault.org/media/images/42/glass_brain_144.jpg		http://neurovault.org/images/144/
1711																																																																																													2016-01-21T17:22:27.004887Z	group	99.970238486	failed stop	cnt_55399d6bcd8dc	stop signal task	tsk_4a57abb949e1a		http://neurovault.org/collections/42/	42	failed stop			volume	FSL5.0		http://neurovault.org/media/images/42/task001_cope03_failed%20stop.nii.gz	878293	146	statistic_map	False	True		T map	fMRI-BOLD	2016-01-21T17:22:27.004905Z		task001 003 failed stop	False	15	74.6944758035	0.0	http://neurovault.org/media/images/42/transform_4mm_146.npy					http://neurovault.org/media/images/42/glass_brain_146.jpg		http://neurovault.org/images/146/
1712																																																																																													2016-01-21T17:23:18.833322Z	group	99.970238486	successful stop trial	cnt_4c6b5fd5bfc41	stop signal task	tsk_4a57abb949e1a		http://neurovault.org/collections/42/	42	successful stop			volume	FSL5.0		http://neurovault.org/media/images/42/task001_cope02_successful%20stop.nii.gz	877101	147	statistic_map	False	True		T map	fMRI-BOLD	2016-01-21T17:23:18.833340Z		task001 002 successful stop	False	15	74.6944758035	0.0	http://neurovault.org/media/images/42/transform_4mm_147.npy					http://neurovault.org/media/images/42/glass_brain_147.jpg		http://neurovault.org/images/147/
1714																																																																																													2016-01-21T17:22:26.932552Z	group	99.926909223	successful stop-critical	cnt_55399a3f5e512	conditional stop signal task	trm_4cacf3fbc503b		http://neurovault.org/collections/42/	42	successful stop-critical			volume	FSL5.0		http://neurovault.org/media/images/42/task002_cope03_successful%20stop-critical.nii.gz	878115	149	statistic_map	False	True		T map	fMRI-BOLD	2016-01-21T17:22:26.932570Z		task002 003 successful stop-critical	False	15	74.7054437648	0.0	http://neurovault.org/media/images/42/transform_4mm_149.npy					http://neurovault.org/media/images/42/glass_brain_149.jpg		http://neurovault.org/images/149/
1719																																																																																													2016-01-21T17:22:22.575089Z	group	99.926909223	failed stop-noncritical 	cnt_4ebca22149619	conditional stop signal task	trm_4cacf3fbc503b		http://neurovault.org/collections/42/	42	failed stop-noncritical			volume	FSL5.0		http://neurovault.org/media/images/42/task002_cope05_failed%20stop-noncritical.nii.gz	878341	154	statistic_map	False	True		T map	fMRI-BOLD	2016-01-21T17:22:22.575121Z		task002 005 failed stop-noncritical	False	15	74.7054437648	0.0	http://neurovault.org/media/images/42/transform_4mm_154.npy					http://neurovault.org/media/images/42/glass_brain_154.jpg		http://neurovault.org/images/154/
1721																																																																																													2016-01-21T17:21:35.394986Z	group	99.926909223	go-critical minus go-noncritical	cnt_553999f2c69ef	conditional stop signal task	trm_4cacf3fbc503b		http://neurovault.org/collections/42/	42	go-critical minus go-noncritical			volume	FSL5.0		http://neurovault.org/media/images/42/task002_cope09_go_crit-go_noncrit.nii.gz	877915	3039	statistic_map	False	True		T map	fMRI-BOLD	2016-01-27T20:59:17.042624Z		task002 009 go-critical minus go-noncritical	False	15	74.7054437648	0.0	http://neurovault.org/media/images/42/transform_4mm_3039.npy					http://neurovault.org/media/images/42/glass_brain_3039_1.jpg		http://neurovault.org/images/3039/
1722																																																																																													2016-01-21T17:21:35.374391Z	group	99.926909223	unsuccessful stop minus successful stop	cnt_55399a008d960	conditional stop signal task	trm_4cacf3fbc503b		http://neurovault.org/collections/42/	42	 unsucc minus succ stop			volume	FSL5.0		http://neurovault.org/media/images/42/task002_cope08_unsucc_minus_succ_stop.nii.gz	877640	3040	statistic_map	False	True		T map	fMRI-BOLD	2016-01-27T20:59:16.651253Z		task002 008 unsucc minus succ stop	False	15	74.7054437648	0.0	http://neurovault.org/media/images/42/transform_4mm_3040.npy					http://neurovault.org/media/images/42/glass_brain_3040_1.jpg		http://neurovault.org/images/3040/
1723																																																																																													2016-01-21T17:23:04.419489Z	group	99.926909223	successful stop minus go	cnt_4ebca1f15eb7d	conditional stop signal task	trm_4cacf3fbc503b		http://neurovault.org/collections/42/	42	succstop minus go			volume	FSL5.0		http://neurovault.org/media/images/42/task002_cope10_succstop_minus_go.nii.gz	878039	3041	statistic_map	False	True		T map	fMRI-BOLD	2016-01-21T17:23:04.419508Z		task002 010 succstop minus go	False	15	74.7054437648	0.0	http://neurovault.org/media/images/42/transform_4mm_3041.npy					http://neurovault.org/media/images/42/glass_brain_3041.jpg		http://neurovault.org/images/3041/
1742																																																																																													2016-01-21T17:23:19.007405Z	group	97.9035639413	Go trial	cnt_5181f83b8eaae	stop signal task with letter naming	trm_5181f83b77fa4		http://neurovault.org/collections/423/	423	go			volume	FSL5.0		http://neurovault.org/media/images/423/task002_cope001_tstat1.nii.gz	861537	2824	statistic_map	False	True		T map	fMRI-BOLD	2016-01-21T17:23:19.007424Z		task002 cope001 tstat1	False	20	75.2176143244	0.0	http://neurovault.org/media/images/423/transform_4mm_2824.npy					http://neurovault.org/media/images/423/glass_brain_2824.jpg		http://neurovault.org/images/2824/
1744																																																																																													2016-01-21T17:22:48.056641Z	group	97.2523119882	go trial	cnt_5181f863d5591	stop signal task with pseudo word naming	trm_5181f863d24f4		http://neurovault.org/collections/423/	423	go			volume	FSL5.0		http://neurovault.org/media/images/423/task003_cope001_tstat1.nii.gz	857169	2826	statistic_map	False	True		T map	fMRI-BOLD	2016-01-21T17:22:48.056660Z		task003 cope001 tstat1	False	20	75.3824661073	0.0	http://neurovault.org/media/images/423/transform_4mm_2826.npy					http://neurovault.org/media/images/423/glass_brain_2826.jpg		http://neurovault.org/images/2826/
1787																																																																																													2016-01-21T17:23:18.384166Z	group	100.0	pre-cash trials minus pre-pump trials matched for risk level	cnt_5542665e734fe	balloon analogue risk task (BART)	trm_4d559bcd67c18		http://neurovault.org/collections/34/	34	pre-cash trials minus pre-pump trials with risk level matched			volume	"Contrast between trials preceding cashout trials and trials preceding pump trials in the BART (trials matched for level of risk)

This contrast is contrasting trials immediately preceding a cashout vs. trials immediately preceding a pump. However, the pre-pump condition only contains a subset of all the pre-pump trials for that participant that are matched to the risk level of that participant's pre-cashout trials. So both the pre-pump and pre-cashout regressor would include 3 trials from pump #3, 5 trials from pump #4, 2 trials from pump #5, and so on."		http://neurovault.org/media/images/34/tstatsCashoutsMinusPumpMasked.nii.gz	935285	109	statistic_map	False	True		T map	fMRI-BOLD	2016-01-21T17:23:18.384198Z		Pre-cashout vs. pre-pump	False	108	74.6869422542	0.0	http://neurovault.org/media/images/34/transform_4mm_109.npy	5.0				http://neurovault.org/media/images/34/glass_brain_109.jpg		http://neurovault.org/images/109/
1839																																																																																													2016-01-21T17:22:28.078343Z		97.7201804948	reappraise negative rating	cnt_553a6e9a84bd2	emotional regulation task	trm_4da890594742a		http://neurovault.org/collections/307/	307				volume	mediation results (Figure 4): activity during cue/anticipation that shows an amygdala-mediated relationship with reappraisal success (a*b mediation path)		http://neurovault.org/media/images/307/Denny_etal_2014_reappraisal_anticipation_2.nii.gz	1344489	1750	statistic_map	False	True		T map	fMRI-BOLD	2016-01-27T21:44:18.230515Z		mediation results	False	36	61.9033955257	35.0704188489	http://neurovault.org/media/images/307/transform_4mm_1750.npy		25.0			http://neurovault.org/media/images/307/glass_brain_1750.jpg		http://neurovault.org/images/1750/
1873																																																																																													2016-01-21T17:21:58.945585Z	group	99.8940840238	all	cnt_553a73a084bdd	object one-back task	trm_4ebd47b8bab6b		http://neurovault.org/collections/415/	415	all			volume	FSL5.0		http://neurovault.org/media/images/415/model001_task001_cope009_tstat1.nii.gz	879816	2714	statistic_map	False	True		T map	fMRI-BOLD	2016-03-10T18:10:05.607820Z		model001 task001 cope009 tstat1	False	6	74.7137528265	0.0	http://neurovault.org/media/images/415/transform_4mm_2714.npy					http://neurovault.org/media/images/415/glass_brain_2714.jpg		http://neurovault.org/images/2714/
1877																																																																																													2016-01-21T17:21:48.877007Z	group	77.4735045167	food choice periods of high energy trials versus food choice periods of low energy trials	cnt_55ef440b3f6f2	eating/drinking	trm_4c898c0786246		http://neurovault.org/collections/723/	723	Food choice periods of HE trials versus food choice periods of LE trials. 			volume	To determine which brain regions showed differential activation for HE and LE choice periods, the contrast images of HE minus LE choice periods (and vice versa) were entered into one-sample t-test analyses. 	Figure 3	http://neurovault.org/media/images/723/spmT_0001_HEminLE.nii.gz	87745	10924	statistic_map	False	True		T map	fMRI-BOLD	2016-01-21T17:21:48.877026Z		HE vs LE food choice periods	False	20	66.2745098039	1.05377906977	http://neurovault.org/media/images/723/transform_4mm_10924.npy					http://neurovault.org/media/images/723/glass_brain_10924.jpg		http://neurovault.org/images/10924/
1895																																																																																													2016-01-21T17:22:25.579422Z	group	100.0	task minus baseline	cnt_55ef1305643e9	mixed gambles task	trm_4cacee4a1d875		http://neurovault.org/collections/3/	3	task minus baseline			volume	task vs. baseline		http://neurovault.org/media/images/3/task001_cope01_task.nii.gz	878304	3	statistic_map	False	True		T map	fMRI-BOLD	2016-01-21T17:22:25.579440Z		task001_cope01_task	False	16	74.6869422542	0.0	http://neurovault.org/media/images/3/transform_4mm_3.npy					http://neurovault.org/media/images/3/glass_brain_3.jpg		http://neurovault.org/images/3/
1896																																																																																													2016-01-21T17:21:54.152958Z		100.0	parametric gain	cnt_5181f79e38fb2	mixed gambles task	trm_4cacee4a1d875		http://neurovault.org/collections/3/	3	parametric gain			volume	Parametric effect of gains		http://neurovault.org/media/images/3/task001_cope02_parametric%20gain.nii.gz	873234	4	statistic_map	False	True		T map	fMRI-BOLD	2016-01-27T21:43:05.321499Z		task001_cope02_parametric gain	False	16	74.6869422542	0.0	http://neurovault.org/media/images/3/transform_4mm_4.npy					http://neurovault.org/media/images/3/glass_brain_4.jpg		http://neurovault.org/images/4/
1898																																																																																													2016-01-21T17:23:24.406786Z	group	100.0	difference from indifference	cnt_5175b81f53bf3	mixed gambles task	trm_4cacee4a1d875		http://neurovault.org/collections/3/	3	distance from indifference			volume			http://neurovault.org/media/images/3/task001_cope04_distance%20from%20indifference.nii.gz	878581	8718	statistic_map	False	True		T map	fMRI-BOLD	2016-01-21T17:23:24.406804Z		task001_cope04_distance from indifference	False	16	74.6869422542	0.0	http://neurovault.org/media/images/3/transform_4mm_8718.npy					http://neurovault.org/media/images/3/glass_brain_8718.jpg		http://neurovault.org/images/8718/
1899																																																																																													2016-01-21T17:22:25.599510Z		100.0	parametric loss	cnt_4cacee8ad4b14	mixed gambles task	trm_4cacee4a1d875		http://neurovault.org/collections/3/	3	parametric loss			volume			http://neurovault.org/media/images/3/task001_cope06_neg_loss_param.nii.gz	877105	8719	statistic_map	False	True		T map	fMRI-BOLD	2016-01-27T21:44:04.649910Z		task001_cope06_neg_loss_param	False	16	74.6869422542	0.0	http://neurovault.org/media/images/3/transform_4mm_8719.npy					http://neurovault.org/media/images/3/glass_brain_8719.jpg		http://neurovault.org/images/8719/
1979																																																																																													2016-01-21T17:22:26.880239Z	group	92.0348559849	attend neutral stimulus	cnt_553a6e7daf8e6	emotional regulation task	trm_4da890594742a		http://neurovault.org/collections/425/	425	Look_Neutral_Stim			volume	FSL5.0		http://neurovault.org/media/images/425/task001_cope004_tstat1.nii.gz	812900	2863	statistic_map	False	True		T map	fMRI-BOLD	2016-01-21T17:22:26.880258Z		task001 cope004 tstat1	False	34	76.7031637583	0.0	http://neurovault.org/media/images/425/transform_4mm_2863.npy					http://neurovault.org/media/images/425/glass_brain_2863.jpg		http://neurovault.org/images/2863/
1982																																																																																													2016-01-21T17:23:18.955643Z	group	92.0348559849	reappraise negative stimulus minus attend negative stimulus	cnt_553a6ed942692	emotional regulation task	trm_4da890594742a		http://neurovault.org/collections/425/	425	Reapp_Neg_Stim_gt_Look_Neg_Stim			volume	FSL5.0		http://neurovault.org/media/images/425/task001_cope024_tstat1.nii.gz	810986	2866	statistic_map	False	True		T map	fMRI-BOLD	2016-01-21T17:23:18.955662Z		task001 cope024 tstat1	False	34	76.7031637583	0.0	http://neurovault.org/media/images/425/transform_4mm_2866.npy					http://neurovault.org/media/images/425/glass_brain_2866.jpg		http://neurovault.org/images/2866/
1997																																																																																													2016-01-21T17:22:52.250591Z	group	92.0348559849	attend negative minus attend neutral stimulus	cnt_5679bec3715cd	emotional regulation task	trm_4da890594742a		http://neurovault.org/collections/425/	425	Look Neg Stim			volume	FSL5.0		http://neurovault.org/media/images/425/task001_cope05_Look_Neg_Stim.nii.gz	809966	8727	statistic_map	False	True		T map	fMRI-BOLD	2016-01-21T17:22:52.250610Z		task001 cope05 Look Neg Stim	False	34	76.7031637583	0.0	http://neurovault.org/media/images/425/transform_4mm_8727.npy					http://neurovault.org/media/images/425/glass_brain_8727.jpg		http://neurovault.org/images/8727/
2000																																																																																													2016-01-21T17:21:53.467937Z	group	92.0348559849	reappraise negative rating	cnt_553a6e9a84bd2	emotional regulation task	trm_4da890594742a		http://neurovault.org/collections/425/	425	Reapp Neg Rating			volume	FSL5.0		http://neurovault.org/media/images/425/task001_cope09_Reapp_Neg_Rating.nii.gz	804314	8730	statistic_map	False	True		T map	fMRI-BOLD	2016-01-21T17:21:53.467956Z		task001 cope09 Reapp Neg Rating	False	34	76.7031637583	0.0	http://neurovault.org/media/images/425/transform_4mm_8730.npy					http://neurovault.org/media/images/425/glass_brain_8730.jpg		http://neurovault.org/images/8730/
2078																																																																																													2016-01-21T17:23:20.376021Z	group	99.9820555577	Relational Processing minus Matching	cnt_553149bc9f9d1	relational processing fMRI task paradigm	trm_550b5a47aa23e		http://neurovault.org/collections/457/	457	Relational Processing minus Matching			volume			http://neurovault.org/media/images/457/tfMRI_RELATIONAL_REL-MATCH.nii_tstat1.nii.gz	1158793	8820	statistic_map	False	True		T map	fMRI-BOLD	2016-01-21T17:23:20.376040Z		tfMRI RELATIONAL RELATIONAL minus MATCHING	False	486	65.7151498567	26.1816360493	http://neurovault.org/media/images/457/transform_4mm_8820.npy					http://neurovault.org/media/images/457/glass_brain_8820.jpg		http://neurovault.org/images/8820/
2142																																																																																													2016-01-21T17:23:18.363565Z	group	80.4914661423	why face minus how face	cnt_55410975ce70b	why/how task	trm_53c4465b0466f		http://neurovault.org/collections/297/	297	why face minus how face			volume	Why_Face > How_Face		http://neurovault.org/media/images/297/Tmap_Why_Face_-_How_Face.nii.gz	217937	1583	statistic_map	False	True		T map	fMRI-BOLD	2016-01-21T17:23:18.363584Z		Why_Face > How_Face	False	19	63.9426019246	3.17973348741	http://neurovault.org/media/images/297/transform_4mm_1583.npy		18.0			http://neurovault.org/media/images/297/glass_brain_1583.jpg		http://neurovault.org/images/1583/
2143																																																																																													2016-01-21T17:23:03.747930Z	group	80.4914661423	why hand minus how hand	cnt_5541098145b5a	why/how task	trm_53c4465b0466f		http://neurovault.org/collections/297/	297	why hand minus how hand			volume	Why_Hand > How_Hand		http://neurovault.org/media/images/297/Tmap_Why_Hand_-_How_Hand.nii.gz	218089	1584	statistic_map	False	True		T map	fMRI-BOLD	2016-01-21T17:23:03.747949Z		Why_Hand > How_Hand	False	19	63.9426019246	3.17973348741	http://neurovault.org/media/images/297/transform_4mm_1584.npy		18.0			http://neurovault.org/media/images/297/glass_brain_1584.jpg		http://neurovault.org/images/1584/
2144																																																																																													2016-01-21T17:23:03.737651Z	group	80.4914661423	why nonsocial minus how nonsocial	cnt_55410992b9c4b	why/how task	trm_53c4465b0466f		http://neurovault.org/collections/297/	297	why nonsocial minus how nonsocial			volume	Why_Nonsocial > How_Nonsocial		http://neurovault.org/media/images/297/Tmap_Why_Nonsocial_-_How_Nonsocial.nii.gz	218046	1585	statistic_map	False	True		T map	fMRI-BOLD	2016-01-21T17:23:03.737669Z		Why_Nonsocial > How_Nonsocial	False	19	63.9426019246	3.17973348741	http://neurovault.org/media/images/297/transform_4mm_1585.npy		18.0			http://neurovault.org/media/images/297/glass_brain_1585.jpg		http://neurovault.org/images/1585/
2145																																																																																													2016-01-21T17:22:52.343818Z	group	80.4914661423	[why face minus how nonsocial] minus [why nonsocial minus how face]	cnt_554109af50e85	why/how task	trm_53c4465b0466f		http://neurovault.org/collections/297/	297	[why face minus how face] minus [why nonsocial minus how nonsocial]			volume	[Why_Face > How_Face] > [Why_Nonsocial > How_Nonsocial]		http://neurovault.org/media/images/297/Tmap_Why_FaceHow_Nonsocial_-_Why_NonsocialHow_Face.nii.gz	218721	1586	statistic_map	False	True		T map	fMRI-BOLD	2016-01-21T17:22:52.343836Z		[Why_Face > How_Face] > [Why_Nonsocial > How_Nonsocial]	False	19	63.9426019246	3.17973348741	http://neurovault.org/media/images/297/transform_4mm_1586.npy		18.0			http://neurovault.org/media/images/297/glass_brain_1586.jpg		http://neurovault.org/images/1586/
2146																																																																																													2016-01-21T17:23:16.672331Z	group	80.4914661423	[why hand minus how nonsocial] minus [why nonsocial minus how hand]	cnt_554109c5544c8	why/how task	trm_53c4465b0466f		http://neurovault.org/collections/297/	297	[why hand minus how hand] minus [why nonsocial minus how nonsocial]			volume	[Why_Hand > How_Hand] > [Why_Nonsocial > How_Nonsocial]		http://neurovault.org/media/images/297/Tmap_Why_HandHow_Nonsocial_-_Why_NonsocialHow_Hand.nii.gz	218625	1587	statistic_map	False	True		T map	fMRI-BOLD	2016-01-21T17:23:16.672350Z		[Why_Hand > How_Hand] > [Why_Nonsocial > How_Nonsocial]	False	19	63.9426019246	3.17973348741	http://neurovault.org/media/images/297/transform_4mm_1587.npy		18.0			http://neurovault.org/media/images/297/glass_brain_1587_1.jpg		http://neurovault.org/images/1587/
2215																																																																																													2016-01-21T17:21:37.320079Z	group	92.351728575	words	cnt_55399e3b3d13e	word one-back task	trm_4ebd482eba5b1		http://neurovault.org/collections/46/	46	words			volume	FSL5.0		http://neurovault.org/media/images/46/task001_cope01_Words.nii.gz	816443	186	statistic_map	False	True		T map	fMRI-BOLD	2016-01-27T20:59:44.688664Z		task001_001_Words.nii.gz	False	49	76.6229536166	0.0	http://neurovault.org/media/images/46/transform_4mm_186.npy					http://neurovault.org/media/images/46/glass_brain_186_1.jpg		http://neurovault.org/images/186/
2216																																																																																													2016-01-21T17:21:36.868628Z	group	92.351728575	scrambled objects	cnt_55399e44106d4	word one-back task	trm_4ebd482eba5b1		http://neurovault.org/collections/46/	46	scrambled objects			volume	FSL5.0		http://neurovault.org/media/images/46/task001_cope03_Scrambled%20objects.nii.gz	816958	187	statistic_map	False	True		T map	fMRI-BOLD	2016-01-27T20:59:38.016309Z		task001_003_Scrambled objects.nii.gz	False	49	76.6229536166	0.0	http://neurovault.org/media/images/46/transform_4mm_187.npy					http://neurovault.org/media/images/46/glass_brain_187_1.jpg		http://neurovault.org/images/187/
2217																																																																																													2016-01-21T17:21:38.192255Z	group	92.351728575	objects	cnt_55399e5388e65	word one-back task	trm_4ebd482eba5b1		http://neurovault.org/collections/46/	46	objects			volume	FSL5.0		http://neurovault.org/media/images/46/task001_cope02_Objects.nii.gz	815718	188	statistic_map	False	True		T map	fMRI-BOLD	2016-01-27T21:00:00.784993Z		task001_002_Objects.nii.gz	False	49	76.6229536166	0.0	http://neurovault.org/media/images/46/transform_4mm_188.npy					http://neurovault.org/media/images/46/glass_brain_188_1.jpg		http://neurovault.org/images/188/
2218																																																																																													2016-01-21T17:21:54.185744Z	group	92.351728575	consonant strings	cnt_55399e5ab094d	word one-back task	trm_4ebd482eba5b1		http://neurovault.org/collections/46/	46	consonant strings			volume	FSL5.0		http://neurovault.org/media/images/46/task001_cope04_Consonant%20strings.nii.gz	817054	190	statistic_map	False	True		T map	fMRI-BOLD	2016-01-21T17:21:54.185763Z		task001_004_Consonant strings.nii.gz	False	49	76.6229536166	0.0	http://neurovault.org/media/images/46/transform_4mm_190.npy					http://neurovault.org/media/images/46/glass_brain_190.jpg		http://neurovault.org/images/190/
2239																																																																																													2016-01-21T17:22:52.354068Z		99.9623604382	pumps average real reaction time	cnt_55399fa95aaee	balloon analogue risk task (BART)	trm_4d559bcd67c18		http://neurovault.org/collections/39/	39	pumps average real reaction time			volume	FSL5.0		http://neurovault.org/media/images/39/task001_cope03_pumps_fixed_real_RT.nii.gz	874892	116	statistic_map	False	True		T map	fMRI-BOLD	2016-01-27T21:45:14.502202Z		task001 pumps average real RT	False	16	74.6964699783	0.0	http://neurovault.org/media/images/39/transform_4mm_116.npy					http://neurovault.org/media/images/39/glass_brain_116.jpg		http://neurovault.org/images/116/
2241																																																																																													2016-01-21T17:22:25.619792Z	group	99.9623604382	cash average	cnt_55399f4618e42	balloon analogue risk task (BART)	trm_4d559bcd67c18		http://neurovault.org/collections/39/	39	cash average			volume	FSL5.0		http://neurovault.org/media/images/39/task001_cope04_cash_fixed.nii.gz	863094	118	statistic_map	False	True		T map	fMRI-BOLD	2016-01-21T17:22:25.619810Z		task001 cash average	False	16	74.6964699783	0.0	http://neurovault.org/media/images/39/transform_4mm_118.npy					http://neurovault.org/media/images/39/glass_brain_118.jpg		http://neurovault.org/images/118/
2242																																																																																													2016-01-21T17:22:25.466844Z	group	99.9623604382	explode average	cnt_55399f9ac9c55	balloon analogue risk task (BART)	trm_4d559bcd67c18		http://neurovault.org/collections/39/	39	explode average			volume	FSL5.0		http://neurovault.org/media/images/39/task001_cope07_explode_fixed.nii.gz	877656	119	statistic_map	False	True		T map	fMRI-BOLD	2016-01-21T17:22:25.466863Z		task001 explode average	False	16	74.6964699783	0.0	http://neurovault.org/media/images/39/transform_4mm_119.npy					http://neurovault.org/media/images/39/glass_brain_119.jpg		http://neurovault.org/images/119/
2243																																																																																													2016-01-21T17:22:25.405532Z	group	99.9623604382	pumps average	cnt_55399f7c60721	balloon analogue risk task (BART)	trm_4d559bcd67c18		http://neurovault.org/collections/39/	39	pumps average			volume	FSL5.0		http://neurovault.org/media/images/39/task001_cope01_pumps_fixed.nii.gz	878169	120	statistic_map	False	True		T map	fMRI-BOLD	2016-01-21T17:22:25.405551Z		task001 pumps average	False	16	74.6964699783	0.0	http://neurovault.org/media/images/39/transform_4mm_120.npy					http://neurovault.org/media/images/39/glass_brain_120.jpg		http://neurovault.org/images/120/
2245																																																																																													2016-01-21T17:22:25.456768Z		99.9623604382	pumps parametric	cnt_55399f8675b23	balloon analogue risk task (BART)	trm_4d559bcd67c18		http://neurovault.org/collections/39/	39	pumps parametric			volume	FSL5.0		http://neurovault.org/media/images/39/task001_cope02_pumps_demean.nii.gz	877288	122	statistic_map	False	True		T map	fMRI-BOLD	2016-01-27T21:44:04.226380Z		task001 pumps parametric	False	16	74.6964699783	0.0	http://neurovault.org/media/images/39/transform_4mm_122.npy					http://neurovault.org/media/images/39/glass_brain_122.jpg		http://neurovault.org/images/122/
2316																																																																																													2016-01-21T17:21:38.098799Z	group	98.820918843	negative feedback	cnt_553a682f464e7	Probabilistic classification task	trm_4cacf22a22d80		http://neurovault.org/collections/44/	44	negative feedback			volume	FSL5.0		http://neurovault.org/media/images/44/task001_cope02_negative%20feedback.nii.gz	870987	172	statistic_map	False	True		T map	fMRI-BOLD	2016-01-27T20:59:58.133701Z		task001_002_negative feedback.nii.gz	False	14	74.9854037484	0.0	http://neurovault.org/media/images/44/transform_4mm_172.npy					http://neurovault.org/media/images/44/glass_brain_172_1.jpg		http://neurovault.org/images/172/
2317																																																																																													2016-01-21T17:21:38.067927Z	group	98.820918843	positive feedback	cnt_553a68284e225	Probabilistic classification task	trm_4cacf22a22d80		http://neurovault.org/collections/44/	44	positive feedback			volume	FSL5.0		http://neurovault.org/media/images/44/task001_cope01_positive%20feedback.nii.gz	870898	173	statistic_map	False	True		T map	fMRI-BOLD	2016-01-27T20:59:57.497315Z		task001_001_positive feedback.nii.gz	False	14	74.9854037484	0.0	http://neurovault.org/media/images/44/transform_4mm_173.npy					http://neurovault.org/media/images/44/glass_brain_173_1.jpg		http://neurovault.org/images/173/
2379																																																																																													2016-01-21T17:21:38.264793Z	group	98.4861018106	false belief question minus false picture question	cnt_553a689b663ed	false belief task	trm_4f2456027809f		http://neurovault.org/collections/426/	426	false belief question - false picture question			volume	FSL5.0		http://neurovault.org/media/images/426/task001_cope008_tstat1.nii.gz	859252	2883	statistic_map	False	True		T map	fMRI-BOLD	2016-01-27T21:00:02.474156Z		task001 cope008 tstat1	False	33	75.0701561771	0.0	http://neurovault.org/media/images/426/transform_4mm_2883.npy					http://neurovault.org/media/images/426/glass_brain_2883_1.jpg		http://neurovault.org/images/2883/
2385																																																																																													2016-01-21T17:23:20.047343Z	group	100.0	dual-task tone counting probe	cnt_4ebcaa52e7dbd	dual-task weather prediction	trm_4ebc98cc77e7b		http://neurovault.org/collections/43/	43	dual-task tone counting probe			volume	FSL5.0		http://neurovault.org/media/images/43/task003_cope02_dual-task%20probe.nii.gz	867863	157	statistic_map	False	True		T map	fMRI-BOLD	2016-01-21T17:23:20.047362Z		task003_002_dual-task_probe.nii.gz	False	14	74.6869422542	0.0	http://neurovault.org/media/images/43/transform_4mm_157.npy					http://neurovault.org/media/images/43/glass_brain_157.jpg		http://neurovault.org/images/157/
2387																																																																																													2016-01-21T17:23:03.778594Z	group	100.0	tone counting trials	cnt_4ebca9e1d3a16	tone counting	trm_4ebc6a6b75ebf		http://neurovault.org/collections/43/	43	tone counting trials			volume	FSL5.0		http://neurovault.org/media/images/43/task001_cope01_tone%20counting.nii.gz	877090	159	statistic_map	False	True		T map	fMRI-BOLD	2016-01-21T17:23:03.778616Z		task001_001_tone counting.nii.gz	False	14	74.6869422542	0.0	http://neurovault.org/media/images/43/transform_4mm_159.npy					http://neurovault.org/media/images/43/glass_brain_159.jpg		http://neurovault.org/images/159/
2389																																																																																													2016-01-21T17:22:27.469369Z	group	100.0	tone counting probe	cnt_54f8cb27bce65	tone counting	trm_4ebc6a6b75ebf		http://neurovault.org/collections/43/	43	tone counting probe			volume	FSL5.0		http://neurovault.org/media/images/43/task001_cope02_tone%20counting%20probe.nii.gz	873404	164	statistic_map	False	True		T map	fMRI-BOLD	2016-01-21T17:22:27.469387Z		task001_002_tone counting probe.nii.gz	False	14	74.6869422542	0.0	http://neurovault.org/media/images/43/transform_4mm_164.npy					http://neurovault.org/media/images/43/glass_brain_164.jpg		http://neurovault.org/images/164/
2390																																																																																													2016-01-21T17:21:38.141138Z	group	100.0	single task classification learning trials	cnt_4ebcaa755a7e5	single-task weather prediction 	trm_4ebc728326a13		http://neurovault.org/collections/43/	43	single-task classification learning trials			volume	FSL5.0		http://neurovault.org/media/images/43/task002_cope01_single-task%20classification.nii.gz	878224	165	statistic_map	False	True		T map	fMRI-BOLD	2016-01-27T20:59:59.494763Z		task002_001_single-task classification	False	14	74.6869422542	0.0	http://neurovault.org/media/images/43/transform_4mm_165.npy					http://neurovault.org/media/images/43/glass_brain_165_1.jpg		http://neurovault.org/images/165/
2391																																																																																													2016-01-21T17:23:16.865181Z	group	100.0	dual task classification learning trials	cnt_4ebcaa463d20e	dual-task weather prediction	trm_4ebc98cc77e7b		http://neurovault.org/collections/43/	43	dual-task classification learning trials			volume	FSL5.0		http://neurovault.org/media/images/43/task003_cope01_dual-task%20classification.nii.gz	879840	166	statistic_map	False	True		T map	fMRI-BOLD	2016-01-21T17:23:16.865215Z		task003_001_dual-task classification	False	14	74.6869422542	0.0	http://neurovault.org/media/images/43/transform_4mm_166.npy					http://neurovault.org/media/images/43/glass_brain_166_1.jpg		http://neurovault.org/images/166/
2842																																																																																													2016-01-21T17:23:16.814727Z	group	81.4101505622	right audio click	cnt_553e85d4af020	functional localizer fMRI tasks	trm_553e85265f51e		http://neurovault.org/collections/94/	94	right audio click			volume	Right button press with an auditory cue		http://neurovault.org/media/images/94/right_button_press_auditory_cue_1.nii.gz	213697	394	statistic_map	False	True		T map	fMRI-BOLD	2016-01-21T17:23:16.814754Z		Right Button Press Auditory Cue	False	94	64.3846764848	0.859185053836	http://neurovault.org/media/images/94/transform_4mm_394.npy		93.0			http://neurovault.org/media/images/94/glass_brain_394_1.jpg		http://neurovault.org/images/394/
2843																																																																																													2016-01-21T17:21:57.901515Z	group	81.4101505622	checkerboard	cnt_553e8672a9f1d	functional localizer fMRI tasks	trm_553e85265f51e		http://neurovault.org/collections/94/	94	checkerboard			volume	Visual Checkboard		http://neurovault.org/media/images/94/checkerboard_1.nii.gz	215303	395	statistic_map	False	True		T map	fMRI-BOLD	2016-01-21T17:21:57.901534Z		Checkerboard	False	94	64.3846764848	0.859185053836	http://neurovault.org/media/images/94/transform_4mm_395.npy		93.0			http://neurovault.org/media/images/94/glass_brain_395.jpg		http://neurovault.org/images/395/
2849																																																																																													2016-01-21T17:21:38.577519Z	group	81.4101505622	left video click	cnt_553e86042df77	functional localizer fMRI tasks	trm_553e85265f51e		http://neurovault.org/collections/94/	94	left video click			volume	Left button press visual cue		http://neurovault.org/media/images/94/left_button_press_visual_cue_1.nii.gz	211862	401	statistic_map	False	True		T map	fMRI-BOLD	2016-01-27T21:00:06.507198Z		Left Button Press Visual Cue	False	94	64.3846764848	0.859185053836	http://neurovault.org/media/images/94/transform_4mm_401.npy		93.0			http://neurovault.org/media/images/94/glass_brain_401_1.jpg		http://neurovault.org/images/401/
2855																																																																																													2016-01-21T17:22:55.952281Z	group	81.4101505622	right video click	cnt_553e85fc78496	functional localizer fMRI tasks	trm_553e85265f51e		http://neurovault.org/collections/94/	94	right video click			volume	Right button press with a visual cue		http://neurovault.org/media/images/94/right_button_press_visual_cue_1.nii.gz	182519	407	statistic_map	False	True		T map	fMRI-BOLD	2016-01-21T17:22:55.952300Z		Right Button Press Visual Cue	False	94	71.2059064807	0.859185053836	http://neurovault.org/media/images/94/transform_4mm_407.npy		93.0			http://neurovault.org/media/images/94/glass_brain_407.jpg		http://neurovault.org/images/407/
2860																																																																																													2016-01-21T17:21:39.616181Z	group	81.4101505622	audio sentences	cnt_553e865d69738	functional localizer fMRI tasks	trm_553e85265f51e		http://neurovault.org/collections/94/	94	audio sentences			volume	Sentence listening		http://neurovault.org/media/images/94/sentence_listening_1.nii.gz	214610	412	statistic_map	False	True		T map	fMRI-BOLD	2016-01-27T21:00:26.414125Z		Sentence listening	False	94	64.3846764848	0.859185053836	http://neurovault.org/media/images/94/transform_4mm_412.npy		93.0			http://neurovault.org/media/images/94/glass_brain_412_1.jpg		http://neurovault.org/images/412/
2863																																																																																													2016-01-21T17:21:38.629697Z	group	81.4101505622	audio computation	cnt_553e860cb6e0a	functional localizer fMRI tasks	trm_553e85265f51e		http://neurovault.org/collections/94/	94	audio computation			volume	Calculation / computation with auditory cue: simple arithmetic task.		http://neurovault.org/media/images/94/calculation_auditory_cue_1.nii.gz	213485	415	statistic_map	False	True		T map	fMRI-BOLD	2016-01-27T21:00:07.256135Z		Calculation Auditory Cue	False	94	64.3846764848	0.859185053836	http://neurovault.org/media/images/94/transform_4mm_415.npy		93.0			http://neurovault.org/media/images/94/glass_brain_415_1.jpg		http://neurovault.org/images/415/
2866																																																																																													2016-01-21T17:21:38.660818Z	group	81.4101505622	video computation	cnt_553e8616191c4	functional localizer fMRI tasks	trm_553e85265f51e		http://neurovault.org/collections/94/	94	video computation			volume	Calculation / computation tasks with visual cues: simple arithmetic.		http://neurovault.org/media/images/94/calculation_visual_cue_1.nii.gz	214488	418	statistic_map	False	True		T map	fMRI-BOLD	2016-01-27T21:00:07.564214Z		Calculation visual cue	False	94	64.3846764848	0.859185053836	http://neurovault.org/media/images/94/transform_4mm_418.npy		93.0			http://neurovault.org/media/images/94/glass_brain_418_1.jpg		http://neurovault.org/images/418/
2867																																																																																													2016-01-21T17:21:38.452714Z	group	81.4101505622	video sentences	cnt_553e865074ad4	functional localizer fMRI tasks	trm_553e85265f51e		http://neurovault.org/collections/94/	94	video sentences			volume	Sentence reading		http://neurovault.org/media/images/94/sentence_reading_1.nii.gz	214293	419	statistic_map	False	True		T map	fMRI-BOLD	2016-01-27T21:00:04.787818Z		Sentence reading	False	94	64.3846764848	0.859185053836	http://neurovault.org/media/images/94/transform_4mm_419.npy		93.0			http://neurovault.org/media/images/94/glass_brain_419_1.jpg		http://neurovault.org/images/419/
2868																																																																																													2016-01-21T17:21:38.793083Z	group	81.4101505622	left audio click	cnt_553e85f11747b	functional localizer fMRI tasks	trm_553e85265f51e		http://neurovault.org/collections/94/	94	left audio click			volume	Left button press with auditory cue		http://neurovault.org/media/images/94/left_button_press_auditory_cue_1.nii.gz	214325	420	statistic_map	False	True		T map	fMRI-BOLD	2016-01-27T21:00:09.758854Z		Left Button Press Auditory Cue	False	94	64.3846764848	0.859185053836	http://neurovault.org/media/images/94/transform_4mm_420.npy		93.0			http://neurovault.org/media/images/94/glass_brain_420_1.jpg		http://neurovault.org/images/420/
